"","ID","circl_binary","circl_sum","reviews_binary","reviews_sum","canonisation_score","class"
"1","ABDALLAH_noWikiID",1,3,0,0,0.0560723413501725,"No Review, Catalogue"
"2","ABU_TELFAN_Q335418",1,1,1,1,0.135719851904178,"Review & Catalogue"
"3","ADAMS_ERSTES_ERWACHEN_UND_ERSTE_SEELIGE_NAECHTE_noWikiID",1,1,0,0,0.0275134422375932,"No Review, Catalogue"
"4","ADDRICH_IM_MOOS_noWikiID",1,1,1,1,0.0221068485323305,"Review & Catalogue"
"5","ADELE_noWikiID",0,0,0,0,0.0205467828522686,"No Review & No Catalogue"
"6","AESTHETISCHE_FELDZUEGE_noWikiID",0,0,1,2,0.0275134422375932,"Review, No Catalogue"
"7","AGATHODAEMON_noWikiID",1,3,0,0,0.0741722353260478,"No Review, Catalogue"
"8","AGNES_VON_LILIEN_Q105642294",0,0,0,0,0.0205467828522686,"No Review & No Catalogue"
"9","AHNUNG_UND_GEGENWART_Q402329",1,1,1,2,0.740328921716904,"Review & Catalogue"
"10","ALSO_SPRACH_ZARATHUSTRA_Q199774",1,1,1,2,0.0205467828522686,"Review & Catalogue"
"11","ALTE_NESTER_Q436036",0,0,1,2,0.0645339993923284,"Review, No Catalogue"
"12","ALTERSHAUSEN_noWikiID",0,0,0,0,0.0560723413501725,"No Review & No Catalogue"
"13","AMANDA_UND_EDUARD_noWikiID",0,0,0,0,0.0424309919848873,"No Review & No Catalogue"
"14","AMAZONENSCHLACHT_noWikiID",0,0,0,0,0.0205467828522686,"No Review & No Catalogue"
"15","AN_HEILIGEN_WASSERN_noWikiID",1,1,1,1,0.0205467828522686,"Review & Catalogue"
"16","ANDREA_DELFIN_Q28054637",1,1,1,1,0.0560723413501725,"Review & Catalogue"
"17","ANDROGYNE_noWikiID",0,0,0,0,0.0205467828522686,"No Review & No Catalogue"
"18","ANGELA_BORGIA_noWikiID",1,1,1,1,0.0975111340573339,"Review & Catalogue"
"19","ANNA_noWikiID",0,0,0,0,0.0367536016133564,"No Review & No Catalogue"
"20","ANTON_REISER_Q593385",1,1,1,2,0.827943039612669,"Review & Catalogue"
"21","AQUIS_SUBMERSUS_Q623355",1,1,1,1,0.389868771519071,"Review & Catalogue"
"22","ARBEIT_noWikiID",0,0,0,0,0.0205467828522686,"No Review & No Catalogue"
"23","ARDINGHELLO_noWikiID",1,2,0,0,0.274620702296579,"No Review, Catalogue"
"24","ARDISTAN_UND_DSCHINNISTAN_Q639501",0,0,0,0,0.0601640846066759,"No Review & No Catalogue"
"25","ARIEL'S_OFFENBARUNGEN_noWikiID",0,0,0,0,0.0601640846066759,"No Review & No Catalogue"
"26","ARISTIPP_UND_EINIGE_SEINER_ZEITGENOSSEN_noWikiID",1,4,0,0,0.0645339993923284,"No Review, Catalogue"
"27","ARMUT,_REICHTUM,_SCHULD_UND_BUSSE_DER_GRAEFIN_DOLORES_Q689540",1,1,0,0,0.154236863598718,"No Review, Catalogue"
"28","ASIATISCHE_BANISE_noWikiID",1,1,0,0,0.0394945910733656,"No Review, Catalogue"
"29","ASPASIA_noWikiID",1,1,0,0,0.0205467828522686,"No Review, Catalogue"
"30","AUCH_EINER_Q758582",0,0,0,0,0.0221068485323305,"No Review & No Catalogue"
"31","AUF_DEM_STAATSHOF_noWikiID",1,1,0,0,0.0741722353260478,"No Review, Catalogue"
"32","AUF_DER_UNIVERSITAET_Q15792139",0,0,1,1,0.0560723413501725,"Review, No Catalogue"
"33","AUF_DER_WEGWACHT_noWikiID",0,0,0,0,0.0205467828522686,"No Review & No Catalogue"
"34","AUF_ZWEI_PLANETEN_Q4310936",0,0,0,0,0.0205467828522686,"No Review & No Catalogue"
"35","AUS_DEM_BOEHMERWALDE_noWikiID",1,1,1,2,0.0205467828522686,"Review & Catalogue"
"36","AUS_DEM_LEBEN_EINER_FRAU_Q101323690",0,0,1,1,0.0275134422375932,"Review, No Catalogue"
"37","AUS_DEM_LEBEN_EINES_TAUGENICHTS_Q777658",1,1,1,2,0.462879594039226,"Review & Catalogue"
"38","AUS_DEN_MEMOIREN_DES_HERRN_SCHNABELEWOPSKI_noWikiID",0,0,0,0,0.259978377605495,"No Review & No Catalogue"
"39","AUS_DER_CHRONIKA_EINES_FAHRENDEN_SCHUELERS_Q777681",0,0,0,0,0.0851189742374057,"No Review & No Catalogue"
"40","AUS_EINER_FAMILIE_noWikiID",0,0,0,0,0.0205467828522686,"No Review & No Catalogue"
"41","AUS_GUTER_FAMILIE_noWikiID",1,1,0,0,0.0221068485323305,"No Review, Catalogue"
"42","AUS_MEINEM_LEBEN._DICHTUNG_UND_WAHRHEIT_Q569377",1,2,1,1,0.838335598755431,"Review & Catalogue"
"43","AUS_TROTZKOPFS_EHE_noWikiID",0,0,0,0,0.0205467828522686,"No Review & No Catalogue"
"44","AUSWAHL_AUS_DES_TEUFELS_PAPIEREN_noWikiID",1,1,0,0,0.0645339993923284,"No Review, Catalogue"
"45","BAHNWAERTER_THIEL_Q803617",1,1,0,0,0.407795370158162,"No Review, Catalogue"
"46","BARBAROSSA_noWikiID",0,0,1,1,0.0601640846066759,"Review, No Catalogue"
"47","BEATRICE_noWikiID",1,1,0,0,0.0560723413501725,"No Review, Catalogue"
"48","BEBUQUIN_Q30134038",0,0,0,0,0.289764790109877,"No Review & No Catalogue"
"49","BELPHEGOR_noWikiID",1,2,0,0,0.0794735706665683,"No Review, Catalogue"
"50","BILDER_UND_GESCHICHTEN_AUS_SCHWABEN_Q15788617",0,0,0,0,0.0205467828522686,"No Review & No Catalogue"
"51","BLUMEN_noWikiID",0,0,0,0,0.0851189742374057,"No Review & No Catalogue"
"52","BOZENA_noWikiID",0,0,0,0,0.0645339993923284,"No Review & No Catalogue"
"53","BRIEFE_EINES_NARREN_UND_EINER_NAERRIN_noWikiID",1,2,1,1,0.0645339993923284,"Review & Catalogue"
"54","BRIGITTA_(STIFTER)_Q539511",1,3,0,0,0.289764790109877,"No Review, Catalogue"
"55","BUDDENBROOKS_Q326909",0,0,0,0,0.144732511897424,"No Review & No Catalogue"
"56","BULEMANNS_HAUS_Q1003556",0,0,0,0,0.0560723413501725,"No Review & No Catalogue"
"57","BUNTE_STEINE_Q1009887",0,0,1,1,0.628138424466113,"Review, No Catalogue"
"58","CABANIS_noWikiID",1,2,1,1,0.0255818179471078,"Review & Catalogue"
"59","CARSTEN_CURATOR_Q1045516",0,0,0,0,0.0601640846066759,"No Review & No Catalogue"
"60","CÉCILE_noWikiID",1,2,0,0,0.305392408053958,"No Review, Catalogue"
"61","CHRISTA_RUHLAND_noWikiID",0,0,0,0,0.0205467828522686,"No Review & No Catalogue"
"62","CLEMENTINE_noWikiID",1,1,0,0,0.0205467828522686,"No Review, Catalogue"
"63","DAPHNIS_noWikiID",1,3,0,0,0.0237824899093644,"No Review, Catalogue"
"64","DAS_ALTE_HAUS_noWikiID",1,1,0,0,0.0205467828522686,"No Review, Catalogue"
"65","DAS_AMULETT_Q1167148",1,1,1,1,0.518885031764307,"Review & Catalogue"
"66","DAS_BLUETHENALTER_DER_EMPFINDUNG_noWikiID",0,0,1,1,0.0237824899093644,"Review, No Catalogue"
"67","DAS_BUCH_LE_GRAND_noWikiID",0,0,0,0,0.274620702296579,"No Review & No Catalogue"
"68","DAS_DUELL_noWikiID",0,0,0,0,0.0560723413501725,"No Review & No Catalogue"
"69","DAS_ERDBEBEN_IN_CHILI_Q1167748",1,1,1,1,0.305392408053958,"Review & Catalogue"
"70","DAS_ERDBEERIMAREILI_noWikiID",0,0,0,0,0.0560723413501725,"No Review & No Catalogue"
"71","DAS_FRAEULEIN_VON_SCUDERI_Q358642",0,0,0,0,0.354934606197489,"No Review & No Catalogue"
"72","DAS_GEHEIMNIS_DER_ALTEN_MAMSELL_noWikiID",1,1,0,0,0.0221068485323305,"No Review, Catalogue"
"73","DAS_GEHEIMNISS_DES_KOSMOPOLITEN-ORDENS_noWikiID",0,0,0,0,0.0601640846066759,"No Review & No Catalogue"
"74","DAS_GEMEINDEKIND_Q1168304",1,1,1,1,0.289764790109877,"Review & Catalogue"
"75","DAS_GESPENST_noWikiID",1,2,0,0,0.0237824899093644,"No Review, Catalogue"
"76","DAS_GLUECK_Q3209153",0,0,0,0,0.0560723413501725,"No Review & No Catalogue"
"77","DAS_GOLDMACHERDORF_Q114357971",1,2,1,1,0.0221068485323305,"Review & Catalogue"
"78","DAS_HEIMWEH_Q1168923",0,0,0,0,0.0205467828522686,"No Review & No Catalogue"
"79","DAS_HEXAMERON_VON_ROSENHAIN_noWikiID",1,2,0,0,0.0560723413501725,"No Review, Catalogue"
"80","DAS_HOELZERNE_BEIN_noWikiID",0,0,0,0,0.0221068485323305,"No Review & No Catalogue"
"81","DAS_JUDENGRAB_Q18411268",0,0,0,0,0.0560723413501725,"No Review & No Catalogue"
"82","DAS_JUNGE_EUROPA_noWikiID",1,1,0,0,0.0601640846066759,"No Review, Catalogue"
"83","DAS_KAJUETENBUCH_noWikiID",0,0,0,0,0.0205467828522686,"No Review & No Catalogue"
"84","DAS_KLOSTER_BEI_SENDOMIR_Q1169335",0,0,0,0,0.0560723413501725,"No Review & No Catalogue"
"85","DAS_KREUZ_IM_VENN_noWikiID",0,0,0,0,0.0560723413501725,"No Review & No Catalogue"
"86","DAS_LEBEN_DER_HOCHGRAEFIN_GRITTA_VON_RATTENZUHAUSBEIUNS_noWikiID",0,0,0,0,0.0560723413501725,"No Review & No Catalogue"
"87","DAS_LEBEN_UND_DIE_MEINUNGEN_DES_HERRN_MAGISTER_SEBALDUS_NOTHANKER_Q1810894",1,1,0,0,0.0221068485323305,"No Review, Catalogue"
"88","DAS_LEIDEN_EINES_KNABEN_Q1169610",1,1,1,2,0.0741722353260478,"Review & Catalogue"
"89","DAS_MAEDCHEN_VON_TREPPI_Q28071194",0,0,0,0,0.0560723413501725,"No Review & No Catalogue"
"90","DAS_MAERCHEN_DER_672._NACHT_Q1169916",0,0,0,0,0.0560723413501725,"No Review & No Catalogue"
"91","DAS_MARMORBILD_Q1169722",0,0,1,2,0.628138424466113,"Review, No Catalogue"
"92","DAS_NATURFORSCHERSCHIFF_noWikiID",1,1,0,0,0.0205467828522686,"No Review, Catalogue"
"93","DAS_NUSS-KERNEN_noWikiID",0,0,0,0,0.0275134422375932,"No Review & No Catalogue"
"94","DAS_ODFELD_Q1169997",1,1,1,2,0.33800545810469,"Review & Catalogue"
"95","DAS_RECHT_DER_MUTTER_noWikiID",1,1,1,1,0.0237824899093644,"Review & Catalogue"
"96","DAS_SANCTUS_Q1170225",1,2,0,0,0.0560723413501725,"No Review, Catalogue"
"97","DAS_SCHAEDLICHE_noWikiID",1,1,0,0,0.0560723413501725,"No Review, Catalogue"
"98","DAS_SCHATZHAUS_DES_KOENIGS_noWikiID",0,0,0,0,0.0205467828522686,"No Review & No Catalogue"
"99","DAS_SCHLOSS_DUERANDE_Q1170280",0,0,0,0,0.289764790109877,"No Review & No Catalogue"
"100","DAS_SCHWEIGEN_IM_WALDE_noWikiID",1,1,0,0,0.0221068485323305,"No Review, Catalogue"
"101","DAS_STEINERNE_HERZ_noWikiID",1,2,0,0,0.0601640846066759,"No Review, Catalogue"
"102","DAS_STUTTGARTER_HUTZELMAENNLEIN_Q13142535",0,0,1,2,0.259978377605495,"Review, No Catalogue"
"103","DAS_URTEIL_(KAFKA)_Q278998",0,0,0,0,0.104292668680321,"No Review & No Catalogue"
"104","DAS_VERLASSENE_HAUS_noWikiID",0,0,0,0,0.0205467828522686,"No Review & No Catalogue"
"105","DAS_VERLORENE_LACHEN_Q1171678",0,0,0,0,0.444348419807107,"No Review & No Catalogue"
"106","DAS_VERMAECHTNIS_DES_INKA_noWikiID",1,1,0,0,0.0560723413501725,"No Review, Catalogue"
"107","DAS_WALDROESCHEN_noWikiID",0,0,0,0,0.0601640846066759,"No Review & No Catalogue"
"108","DAS_WEIBERDORF_noWikiID",1,1,1,1,0.0560723413501725,"Review & Catalogue"
"109","DAS_ZAUBERSCHLOSS_noWikiID",1,1,0,0,0.0560723413501725,"No Review, Catalogue"
"110","DE_PROFUNDIS_noWikiID",1,1,0,0,0.0205467828522686,"No Review, Catalogue"
"111","DEN_STEIN_DER_WEISEN_noWikiID",0,0,0,0,0.0560723413501725,"No Review & No Catalogue"
"112","DER_ALTE_VOM_BERGE_noWikiID",1,2,0,0,0.0560723413501725,"No Review, Catalogue"
"113","DER_AMERIKAMUEDE_noWikiID",1,2,0,0,0.0205467828522686,"No Review, Catalogue"
"114","DER_AMTMANN_VON_HOHENWEILER_noWikiID",1,1,1,1,0.0205467828522686,"Review & Catalogue"
"115","DER_APOSTEL_(HAUPTMANN)_Q28131950",0,0,0,0,0.0560723413501725,"No Review & No Catalogue"
"116","DER_ARME_SPIELMANN_Q1198306",0,0,0,0,0.321481356814517,"No Review & No Catalogue"
"117","DER_AUFRUHR_IN_DEN_CEVENNEN_Q1192283",0,0,1,1,0.0851189742374057,"Review, No Catalogue"
"118","DER_BAUERNSPIEGEL_noWikiID",1,1,0,0,0.0645339993923284,"No Review, Catalogue"
"119","DER_BESUCH_noWikiID",0,0,0,0,0.0601640846066759,"No Review & No Catalogue"
"120","DER_BLONDE_ECKBERT_Q1198407",1,1,0,0,0.372234887656701,"No Review, Catalogue"
"121","DER_BUETTNERBAUER_noWikiID",1,1,1,1,0.0221068485323305,"Review & Catalogue"
"122","DER_CONDOR_Q19156156",1,1,1,2,0.0560723413501725,"Review & Catalogue"
"123","DER_DRAEUMLING_Q1193032",0,0,0,0,0.0560723413501725,"No Review & No Catalogue"
"124","DER_EINSAME_noWikiID",0,0,0,0,0.0601640846066759,"No Review & No Catalogue"
"125","DER_FALSCHE_WOLDEMAR_noWikiID",1,2,1,1,0.0205467828522686,"Review & Catalogue"
"126","DER_FAUST_DER_MORGENLAENDER_noWikiID",1,2,0,0,0.0560723413501725,"No Review, Catalogue"
"127","DER_FINDLING_noWikiID",1,2,0,0,0.0560723413501725,"No Review, Catalogue"
"128","DER_FREIHOF_VON_AARAU_noWikiID",1,1,0,0,0.0205467828522686,"No Review, Catalogue"
"129","DER_FROMME_SPRUCH_noWikiID",0,0,0,0,0.0601640846066759,"No Review & No Catalogue"
"130","DER_GEHUELFE_Q1193785",0,0,0,0,0.0741722353260478,"No Review & No Catalogue"
"131","DER_GEISTERSEHER_Q1193812",1,4,0,0,0.162696328389987,"No Review, Catalogue"
"132","DER_GENIUS_noWikiID",0,0,0,0,0.0221068485323305,"No Review & No Catalogue"
"133","DER_GOLDNE_SPIEGEL_noWikiID",1,6,1,1,0.0975111340573339,"Review & Catalogue"
"134","DER_GOLDNE_TOPF_Q785009",1,3,0,0,0.321481356814517,"No Review, Catalogue"
"135","DER_GOTTSUCHER_Q55978264",1,1,0,0,0.0560723413501725,"No Review, Catalogue"
"136","DER_GRUENE_HEINRICH_Q1198871",1,2,1,1,0.988875593155002,"Review & Catalogue"
"137","DER_HEILIGE_Q1194176",1,1,1,2,0.144732511897424,"Review & Catalogue"
"138","DER_HEIZER_noWikiID",0,0,0,0,0.0601640846066759,"No Review & No Catalogue"
"139","DER_HERR_ETATSRAT_Q15805136",1,1,1,1,0.0601640846066759,"Review & Catalogue"
"140","DER_HEXENMEISTER_noWikiID",0,0,1,1,0.0205467828522686,"Review, No Catalogue"
"141","DER_HEXENSABBAT_noWikiID",0,0,0,0,0.0560723413501725,"No Review & No Catalogue"
"142","DER_HOCHWALD_Q1194364",1,3,0,0,0.259978377605495,"No Review, Catalogue"
"143","DER_HUNGERPASTOR_Q1194487",1,1,1,1,0.235356216581709,"Review & Catalogue"
"144","DER_IM_IRR-GARTEN_DER_LIEBE_HERUM_TAUMELNDE_CAVALIER_noWikiID",1,1,1,1,0.0221068485323305,"Review & Catalogue"
"145","DER_JUNGE_TISCHLERMEISTER_Q1198964",1,2,1,1,0.0560723413501725,"Review & Catalogue"
"146","DER_JUNKER_VON_DENOW_Q1194662",0,0,0,0,0.0560723413501725,"No Review & No Catalogue"
"147","DER_KLEINE_HAEWELMANN_Q1199225",0,0,0,0,0.0560723413501725,"No Review & No Catalogue"
"148","DER_KOENIG_DER_BERNINA_noWikiID",1,1,0,0,0.0205467828522686,"No Review, Catalogue"
"149","DER_LANDPREDIGER_Q1195163",0,0,0,0,0.0560723413501725,"No Review & No Catalogue"
"150","DER_LANDVOGT_VON_GREIFENSEE_Q1195171",1,1,0,0,0.305392408053958,"No Review, Catalogue"
"151","DER_MAGNETISEUR_(E._T._A._HOFFMANN)_Q15456531",0,0,0,0,0.0601640846066759,"No Review & No Catalogue"
"152","DER_MAJOR_noWikiID",0,0,0,0,0.0221068485323305,"No Review & No Catalogue"
"153","DER_NACHSOMMER_Q167320",1,2,1,1,0.768032201522249,"Review & Catalogue"
"154","DER_POJAZ_Q1196233",0,0,0,0,0.0560723413501725,"No Review & No Catalogue"
"155","DER_POSTEN_DER_FRAU_noWikiID",0,0,0,0,0.0221068485323305,"No Review & No Catalogue"
"156","DER_PRINZ_VON_THEBEN_noWikiID",0,0,0,0,0.0560723413501725,"No Review & No Catalogue"
"157","DER_PSYCHOLOGE_noWikiID",0,0,0,0,0.0560723413501725,"No Review & No Catalogue"
"158","DER_RABBI_VON_BACHERACH_noWikiID",0,0,0,0,0.259978377605495,"No Review & No Catalogue"
"159","DER_RANGIERBAHNHOF_noWikiID",1,1,1,1,0.0255818179471078,"Review & Catalogue"
"160","DER_RAUBGRAF_noWikiID",0,0,0,0,0.0205467828522686,"No Review & No Catalogue"
"161","DER_REBELL_noWikiID",0,0,0,0,0.0560723413501725,"No Review & No Catalogue"
"162","DER_REDLICHE_MANN_AM_HOFE_noWikiID",0,0,0,0,0.0255818179471078,"No Review & No Catalogue"
"163","DER_ROLAND_VON_BERLIN_noWikiID",1,2,1,1,0.0205467828522686,"Review & Catalogue"
"164","DER_RUNENBERG_Q1196568",1,1,0,0,0.481513882543301,"No Review, Catalogue"
"165","DER_SADDUZAEER_VON_AMSTERDAM_noWikiID",0,0,0,0,0.0645339993923284,"No Review & No Catalogue"
"166","DER_SANDMANN_(HOFFMANN)_Q798227",1,2,1,1,0.848215508034503,"Review & Catalogue"
"167","DER_SATYR_MOPSUS_noWikiID",0,0,0,0,0.0221068485323305,"No Review & No Catalogue"
"168","DER_SCHATZ_IM_SILBERSEE_Q249905",1,1,0,0,0.0560723413501725,"No Review, Catalogue"
"169","DER_SCHATZ_noWikiID",0,0,0,0,0.0560723413501725,"No Review & No Catalogue"
"170","DER_SCHIMMELREITER_Q895730",1,1,1,2,0.827943039612669,"Review & Catalogue"
"171","DER_SCHMIED_SEINES_GLUECKS_noWikiID",1,2,0,0,0.274620702296579,"No Review, Catalogue"
"172","DER_SCHUEDDERUMP_Q1196819",1,1,1,1,0.119112826840361,"Review & Catalogue"
"173","DER_SCHUSS_VON_DER_KANZEL_Q1196769",1,1,0,0,0.0794735706665683,"No Review, Catalogue"
"174","DER_SCHWEIZER_ROBINSON_ODER_DER_SCHWEIZER-PREDIGER_UND_SEINE_FAMILIE_noWikiID",0,0,0,0,0.0237824899093644,"No Review & No Catalogue"
"175","DER_SELBSTMOERDER_noWikiID",1,1,0,0,0.0205467828522686,"No Review, Catalogue"
"176","DER_SONNENWIRT_noWikiID",1,1,1,1,0.0205467828522686,"Review & Catalogue"
"177","DER_STECHLIN_(ROMAN)_Q1197130",1,1,1,1,0.904141522122553,"Review & Catalogue"
"178","DER_STERNSTEINHOF_noWikiID",1,1,1,2,0.0601640846066759,"Review & Catalogue"
"179","DER_TOD_ABELS_noWikiID",1,4,0,0,0.0255818179471078,"No Review, Catalogue"
"180","DER_TOD_GEORGS_noWikiID",1,1,0,0,0.0911257006455229,"No Review, Catalogue"
"181","DER_TOLLE_INVALIDE_AUF_DEM_FORT_RATONNEAU_Q1199666",0,0,0,0,0.0645339993923284,"No Review & No Catalogue"
"182","DER_TORSO_noWikiID",0,0,0,0,0.0601640846066759,"No Review & No Catalogue"
"183","DER_TROTZKOPF_Q1197625",0,0,0,0,0.0255818179471078,"No Review & No Catalogue"
"184","DER_UEBERGANG_noWikiID",0,0,1,1,0.0221068485323305,"Review, No Catalogue"
"185","DER_UNTERTAN_Q476349",0,0,0,0,0.0318106268524673,"No Review & No Catalogue"
"186","DER_VERBRECHER_AUS_VERLORENER_EHRE_Q1197800",1,1,0,0,0.125932681512614,"No Review, Catalogue"
"187","DER_WALDBRUDER_Q1197891",0,0,0,0,0.0601640846066759,"No Review & No Catalogue"
"188","DER_WALDBRUNNEN_noWikiID",0,0,0,0,0.0560723413501725,"No Review & No Catalogue"
"189","DER_WASSERMENSCH_noWikiID",0,0,0,0,0.0560723413501725,"No Review & No Catalogue"
"190","DER_WEG_INS_FREIE_Q700479",0,0,0,0,0.0560723413501725,"No Review & No Catalogue"
"191","DER_WEHRWOLF_noWikiID",0,0,0,0,0.0205467828522686,"No Review & No Catalogue"
"192","DER_WINTERGARTEN_noWikiID",0,0,0,0,0.0851189742374057,"No Review & No Catalogue"
"193","DER_ZAUBERRING_noWikiID",1,1,0,0,0.0601640846066759,"No Review, Catalogue"
"194","DER_ZWEIKAMPF_noWikiID",1,3,0,0,0.0560723413501725,"No Review, Catalogue"
"195","DES_DEUTSCHEN_SPIESSERS_WUNDERHORN_noWikiID",0,0,0,0,0.0560723413501725,"No Review & No Catalogue"
"196","DES_LEBENS_UEBERFLUSS_Q1200453",0,0,0,0,0.0601640846066759,"No Review & No Catalogue"
"197","DES_REICHES_KRONE_Q1200467",0,0,0,0,0.0560723413501725,"No Review & No Catalogue"
"198","DES_VETTERS_ECKFENSTER_Q979343",1,1,0,0,0.274620702296579,"No Review, Catalogue"
"199","DEUTSCHE_PIONIERE_noWikiID",1,1,0,0,0.0205467828522686,"No Review, Catalogue"
"200","DEUTSCHER_ADEL_(WILHELM_RAABE)_Q1204575",0,0,0,0,0.0560723413501725,"No Review & No Catalogue"
"201","DICHTER_UND_IHRE_GESELLEN_Q1209499",1,1,1,2,0.0975111340573339,"Review & Catalogue"
"202","DICHTERLEBEN_noWikiID",0,0,0,0,0.0560723413501725,"No Review & No Catalogue"
"203","DIE_ABDERITEN_Q1210777",1,1,0,0,0.0741722353260478,"No Review, Catalogue"
"204","DIE_ABENTEUER_DER_SYLVESTERNACHT_noWikiID",1,3,0,0,0.259978377605495,"No Review, Catalogue"
"205","DIE_ABENTHEUER_DES_DON_SYLVIO_VON_ROSALVA_noWikiID",1,6,0,0,0.305392408053958,"No Review, Catalogue"
"206","DIE_AHNEN_Q42185371",1,1,0,0,0.0645339993923284,"No Review, Catalogue"
"207","DIE_AKTEN_DES_VOGELSANGS_Q1210969",1,1,0,0,0.462879594039226,"No Review, Catalogue"
"208","DIE_ANARCHISTEN_noWikiID",0,0,0,0,0.0221068485323305,"No Review & No Catalogue"
"209","DIE_BARONIN_noWikiID",1,1,0,0,0.0205467828522686,"No Review, Catalogue"
"210","DIE_BEICHTE_noWikiID",1,1,0,0,0.0221068485323305,"No Review, Catalogue"
"211","DIE_BRAUTNACHT_noWikiID",0,0,0,0,0.0601640846066759,"No Review & No Catalogue"
"212","DIE_CHINESISCHE_MAUER_noWikiID",0,0,0,0,0.0205467828522686,"No Review & No Catalogue"
"213","DIE_CHRONIK_DER_SPERLINGSGASSE_Q1211874",1,2,0,0,0.425970768854918,"No Review, Catalogue"
"214","DIE_DREI_GERECHTEN_KAMMMACHER_Q1218123",0,0,0,0,0.259978377605495,"No Review & No Catalogue"
"215","DIE_DREI_NUESSE_noWikiID",0,0,0,0,0.0560723413501725,"No Review & No Catalogue"
"216","DIE_ELFEN_(LUDWIG_TIECK)_Q1169906",1,1,0,0,0.0645339993923284,"No Review, Catalogue"
"217","DIE_ELIXIERE_DES_TEUFELS_Q600849",1,3,0,0,0.481513882543301,"No Review, Catalogue"
"218","DIE_ENTFUEHRUNG_noWikiID",0,0,0,0,0.0645339993923284,"No Review & No Catalogue"
"219","DIE_EPIGONEN_noWikiID",1,1,1,1,0.175635939901511,"Review & Catalogue"
"220","DIE_ERMORDUNG_EINER_BUTTERBLUME_Q1212233",0,0,0,0,0.0560723413501725,"No Review & No Catalogue"
"221","DIE_EUROPAMUEDEN_noWikiID",0,0,0,0,0.0221068485323305,"No Review & No Catalogue"
"222","DIE_FAMILIE_noWikiID",1,1,0,0,0.0645339993923284,"No Review, Catalogue"
"223","DIE_FAMILIE_SELDORF_Q977237",0,0,1,1,0.0237824899093644,"Review, No Catalogue"
"224","DIE_FAMILIE_WOREL_Q1212318",0,0,0,0,0.0560723413501725,"No Review & No Catalogue"
"225","DIE_FERMATE_noWikiID",0,0,0,0,0.259978377605495,"No Review & No Catalogue"
"226","DIE_FLUSSPIRATEN_DES_MISSISSIPPI_Q1212508",1,2,0,0,0.0560723413501725,"No Review, Catalogue"
"227","DIE_FRAU_PROFESSORIN_noWikiID",1,3,0,0,0.0221068485323305,"No Review, Catalogue"
"228","DIE_FREIHERREN_VON_GEMPERLEIN_noWikiID",1,1,0,0,0.0560723413501725,"No Review, Catalogue"
"229","DIE_FREUNDE_(LUDWIG_TIECK)_Q1212755",0,0,0,0,0.0560723413501725,"No Review & No Catalogue"
"230","DIE_GEIER-WALLY_(ROMAN)_Q1212872",1,1,0,0,0.0237824899093644,"No Review, Catalogue"
"231","DIE_GEIGERIN_Q1212876",1,1,1,1,0.0560723413501725,"Review & Catalogue"
"232","DIE_GESCHICHTE_DER_ANNA_WASER_noWikiID",0,0,0,0,0.0205467828522686,"No Review & No Catalogue"
"233","DIE_GLUECKLICHE_REISE_noWikiID",0,0,0,0,0.0205467828522686,"No Review & No Catalogue"
"234","DIE_GLUECKSRITTER_noWikiID",0,0,0,0,0.0560723413501725,"No Review & No Catalogue"
"235","DIE_GOETTINNEN_ODER_DIE_DREI_ROMANE_DER_HERZOGIN_VON_ASSY_Q1213243",0,0,0,0,0.0221068485323305,"No Review & No Catalogue"
"236","DIE_GOLDENE_SCHMIEDE_noWikiID",0,0,0,0,0.0205467828522686,"No Review & No Catalogue"
"237","DIE_GUENDERODE_noWikiID",0,0,0,0,0.0741722353260478,"No Review & No Catalogue"
"238","DIE_GUTE_SCHULE_noWikiID",1,1,1,1,0.0221068485323305,"Review & Catalogue"
"239","DIE_HANNA_noWikiID",1,1,0,0,0.0205467828522686,"No Review, Catalogue"
"240","DIE_HEILIGE_CAECILIE_ODER_DIE_GEWALT_DER_MUSIK_Q302229",1,1,0,0,0.0560723413501725,"No Review, Catalogue"
"241","DIE_HOCHZEIT_DES_MOENCHS_Q1213463",1,1,1,1,0.135719851904178,"Review & Catalogue"
"242","DIE_HOSEN_DES_HERRN_VON_BREDOW_noWikiID",1,2,0,0,0.0205467828522686,"No Review, Catalogue"
"243","DIE_INNERSTE_Q1213605",0,0,0,0,0.0691979459011065,"No Review & No Catalogue"
"244","DIE_INSEL_FELSENBURG_Q1664415",0,0,0,0,0.0799133785582656,"No Review & No Catalogue"
"245","DIE_JUDEN_VON_BARNOW_Q57166842",1,1,0,0,0.0601640846066759,"No Review, Catalogue"
"246","DIE_JUDENBUCHE_Q1213685",0,0,0,0,0.481513882543301,"No Review & No Catalogue"
"247","DIE_KAESEREI_IN_DER_VEHFREUDE_noWikiID",1,2,0,0,0.0645339993923284,"No Review, Catalogue"
"248","DIE_KINDER_VON_FINKENRODE_Q1213860",1,1,0,0,0.0601640846066759,"No Review, Catalogue"
"249","DIE_KLEINE_STADT_Q1218726",0,0,0,0,0.0221068485323305,"No Review & No Catalogue"
"250","DIE_KLUGEN_JUNGFRAUEN_noWikiID",1,1,0,0,0.0205467828522686,"No Review, Catalogue"
"251","DIE_KOENIGSBRAUT_noWikiID",0,0,0,0,0.0560723413501725,"No Review & No Catalogue"
"252","DIE_KRONENWAECHTER_Q1214104",0,0,1,1,0.111487571538697,"Review, No Catalogue"
"253","DIE_LEHRLINGE_ZU_SAIS_Q1214361",0,0,0,0,0.500199736105852,"No Review & No Catalogue"
"254","DIE_LEIDEN_DES_JUNGEN_WERTHERS_Q151883",1,5,1,3,0.999997205037213,"Review & Catalogue"
"255","DIE_LETZTE_RECKENBURGERIN_noWikiID",1,1,0,0,0.0205467828522686,"No Review, Catalogue"
"256","DIE_LEUTE_AUS_DEM_WALDE_Q1214404",0,0,0,0,0.0645339993923284,"No Review & No Catalogue"
"257","DIE_LEUTE_VOM_BLAUEN_GUGUCKHAUS_noWikiID",0,0,0,0,0.0205467828522686,"No Review & No Catalogue"
"258","DIE_LEUTE_VON_SELDWYLA_Q936322",1,2,0,0,0.897461864857794,"No Review, Catalogue"
"259","DIE_LIEBENSWUERDIGE_ADALIE_noWikiID",0,0,0,0,0.0221068485323305,"No Review & No Catalogue"
"260","DIE_MAEDCHENFEINDE_noWikiID",0,0,0,0,0.0560723413501725,"No Review & No Catalogue"
"261","DIE_MAJORATSHERREN_Q1214690",0,0,0,0,0.0691979459011065,"No Review & No Catalogue"
"262","DIE_MANDANEN-WAISE_noWikiID",0,0,0,0,0.0205467828522686,"No Review & No Catalogue"
"263","DIE_MARZIPANLIESE_Q1214732",0,0,0,0,0.0221068485323305,"No Review & No Catalogue"
"264","DIE_MEHREREN_WEHMUELLER_noWikiID",0,0,1,2,0.0560723413501725,"Review, No Catalogue"
"265","DIE_MOLKENKUR_noWikiID",0,0,1,1,0.0221068485323305,"Review, No Catalogue"
"266","DIE_NACHBARN_noWikiID",0,0,0,0,0.0205467828522686,"No Review & No Catalogue"
"267","DIE_NAECHTE_TINO_VON_BAGDADS_noWikiID",0,0,0,0,0.0560723413501725,"No Review & No Catalogue"
"268","DIE_NARRENBURG_Q21328513",1,1,0,0,0.0601640846066759,"No Review, Catalogue"
"269","DIE_NIHILISTEN_noWikiID",1,1,0,0,0.0851189742374057,"No Review, Catalogue"
"270","DIE_PFRUENDER_noWikiID",0,0,0,0,0.0741722353260478,"No Review & No Catalogue"
"271","DIE_POGGENPUHLS_Q1215465",1,1,1,2,0.305392408053958,"Review & Catalogue"
"272","DIE_RICHTERIN_(NOVELLE)_Q1215781",1,1,0,0,0.372234887656701,"No Review, Catalogue"
"273","DIE_RITTER_VOM_GEISTE_noWikiID",1,3,0,0,0.0975111340573339,"No Review, Catalogue"
"274","DIE_ROSE_VON_DISENTIS_noWikiID",1,1,0,0,0.0205467828522686,"No Review, Catalogue"
"275","DIE_SCHRIFTEN_DES_WALDSCHULMEISTERS_Q56071834",1,1,1,1,0.0560723413501725,"Review & Catalogue"
"276","DIE_SCHWARZE_GALEERE_noWikiID",0,0,0,0,0.305392408053958,"No Review & No Catalogue"
"277","DIE_SCHWARZE_SPINNE_(NOVELLE)_Q502598",1,1,1,1,0.321481356814517,"Review & Catalogue"
"278","DIE_SERAPIONSBRUEDER_Q321013",1,2,1,1,0.235356216581709,"Review & Catalogue"
"279","DIE_SOEHNE_DES_SENATORS_Q1216642",0,0,1,1,0.0601640846066759,"Review, No Catalogue"
"280","DIE_STEINKLOPFER_Q1216451",1,1,1,1,0.0560723413501725,"Review & Catalogue"
"281","DIE_TOTEN_SCHWEIGEN_Q1216835",0,0,0,0,0.0560723413501725,"No Review & No Catalogue"
"282","DIE_VERLOBUNG_IN_ST._DOMINGO_noWikiID",1,1,1,1,0.274620702296579,"Review & Catalogue"
"283","DIE_VERLORENE_HANDSCHRIFT_noWikiID",1,1,0,0,0.0601640846066759,"No Review, Catalogue"
"284","DIE_VERSUCHUNG_DES_PESCARA_Q1217221",1,1,1,2,0.372234887656701,"Review & Catalogue"
"285","DIE_VERWANDLUNG_Q184222",0,0,0,0,0.289764790109877,"No Review & No Catalogue"
"286","DIE_VERWIRRUNGEN_DES_ZOEGLINGS_TOERLESS_Q1112285",0,0,0,0,0.305392408053958,"No Review & No Catalogue"
"287","DIE_WAFFEN_NIEDER_Q212687",1,1,1,1,0.0205467828522686,"Review & Catalogue"
"288","DIE_WAHLVERWANDTSCHAFTEN_Q951198",1,5,1,2,0.33800545810469,"Review & Catalogue"
"289","DIE_WASSERNOT_IM_EMMENTAL_noWikiID",0,0,0,0,0.0560723413501725,"No Review & No Catalogue"
"290","DIE_WEISE_VON_LIEBE_UND_TOD_DES_CORNETS_CHRISTOPH_RILKE_Q18209936",0,0,0,0,0.0560723413501725,"No Review & No Catalogue"
"291","DIE_WIEDERTAEUFER_noWikiID",0,0,0,0,0.0205467828522686,"No Review & No Catalogue"
"292","DIE_WISKOTTENS_noWikiID",0,0,0,0,0.0560723413501725,"No Review & No Catalogue"
"293","DIE_ZAUBEREI_IM_HERBSTE_Q1217663",0,0,0,0,0.0645339993923284,"No Review & No Catalogue"
"294","DIE_ZWEITE_FRAU_noWikiID",1,1,0,0,0.0205467828522686,"No Review, Catalogue"
"295","DIE_ZWOELF_APOSTEL_noWikiID",0,0,0,0,0.0205467828522686,"No Review & No Catalogue"
"296","DIES_BUCH_GEHOERT_DEM_KOENIG_noWikiID",1,1,0,0,0.0741722353260478,"No Review, Catalogue"
"297","DON_JUAN_VON_KOLOMEA_noWikiID",0,0,0,0,0.0560723413501725,"No Review & No Catalogue"
"298","DORFGAENGE_noWikiID",0,0,0,0,0.0560723413501725,"No Review & No Catalogue"
"299","DRAUSSEN_IM_HEIDEDORF_Q84314019",1,1,0,0,0.0691979459011065,"No Review, Catalogue"
"300","DREI_FEDERN_Q1256990",1,1,0,0,0.0560723413501725,"No Review, Catalogue"
"301","DSCHINNISTAN_Q1262121",1,2,0,0,0.0645339993923284,"No Review, Catalogue"
"302","EDUARD_ALLWILLS_PAPIEREN_noWikiID",1,2,0,0,0.0205467828522686,"No Review, Catalogue"
"303","EEKENHOF_noWikiID",0,0,0,0,0.0691979459011065,"No Review & No Catalogue"
"304","EFFI_BRIEST_Q1296168",0,0,1,2,0.848215508034503,"Review, No Catalogue"
"305","EIGENSINN_UND_LAUNE_noWikiID",0,0,0,0,0.0601640846066759,"No Review & No Catalogue"
"306","EIN_ABSCHIED_Q1304285",0,0,0,0,0.0560723413501725,"No Review & No Catalogue"
"307","EIN_BEKENNTNIS_noWikiID",0,0,0,0,0.0560723413501725,"No Review & No Catalogue"
"308","EIN_BRIEF_(HOFMANNSTHAL)_Q1304342",0,0,1,1,0.144732511897424,"Review, No Catalogue"
"309","EIN_DOPPELGAENGER_Q19188654",1,1,0,0,0.321481356814517,"No Review, Catalogue"
"310","EIN_FEST_AUF_HADERSLEVHUUS_noWikiID",1,1,0,0,0.0645339993923284,"No Review, Catalogue"
"311","EIN_GRUENES_BLATT_Q111150981",0,0,0,0,0.0560723413501725,"No Review & No Catalogue"
"312","EIN_KAMPF_UM_ROM_Q636812",1,1,1,1,0.0367536016133564,"Review & Catalogue"
"313","EIN_KAMPF_UMS_RECHT_Q95606786",1,1,1,2,0.0560723413501725,"Review & Catalogue"
"314","EIN_WORT_noWikiID",0,0,0,0,0.0205467828522686,"No Review & No Catalogue"
"315","EINE_AEGYPTISCHE_KOENIGSTOCHTER_noWikiID",0,0,1,1,0.0205467828522686,"Review, No Catalogue"
"316","EINE_AUSSCHWEIFUNG_noWikiID",1,1,0,0,0.0645339993923284,"No Review, Catalogue"
"317","EINE_GESCHICHTE_AUS_DEM_BREGENZERWALDE_noWikiID",0,0,0,0,0.0560723413501725,"No Review & No Catalogue"
"318","EINE_MALERARBEIT_noWikiID",0,0,0,0,0.0601640846066759,"No Review & No Catalogue"
"319","EINE_STUNDE_HINTER_MITTERNACHT_Q1306645",0,0,0,0,0.0560723413501725,"No Review & No Catalogue"
"320","EKKEHARD_noWikiID",1,2,1,1,0.0275134422375932,"Review & Catalogue"
"321","ELEAGABAL_KUPERUS_noWikiID",0,0,0,0,0.0205467828522686,"No Review & No Catalogue"
"322","ELISA_ODER_DAS_WEIB_WIE_ES_SEYN_SOLLTE_noWikiID",1,3,1,2,0.0205467828522686,"Review & Catalogue"
"323","ELLEN_VON_DER_WEIDEN_noWikiID",1,1,0,0,0.0221068485323305,"No Review, Catalogue"
"324","ELLERNKLIPP_Q1332021",1,1,1,2,0.0645339993923284,"Review & Catalogue"
"325","ELSE_VON_DER_TANNE_Q1333755",0,0,0,0,0.0645339993923284,"No Review & No Catalogue"
"326","ELSI,_DIE_SELTSAME_MAGD_Q1333830",0,0,0,0,0.305392408053958,"No Review & No Catalogue"
"327","ERINNERUNGEN_VON_LUDOLF_URSLEU_noWikiID",0,0,0,0,0.0560723413501725,"No Review & No Catalogue"
"328","ESCH_ODER_DIE_ANARCHIE_noWikiID",0,0,0,0,0.0601640846066759,"No Review & No Catalogue"
"329","EVREMONT_noWikiID",0,0,0,0,0.0205467828522686,"No Review & No Catalogue"
"330","FAUSTS_LEBEN,_THATEN_UND_HOELLENFAHRT_Q1368395",1,2,1,1,0.274620702296579,"Review & Catalogue"
"331","FELICITAS_noWikiID",0,0,0,0,0.0237824899093644,"No Review & No Catalogue"
"332","FLEGELJAHRE_Q1299976",1,3,0,0,0.289764790109877,"No Review, Catalogue"
"333","FLORENTIN_noWikiID",0,0,0,0,0.291000461924749,"No Review & No Catalogue"
"334","FLORENTINISCHE_NAECHTE_noWikiID",0,0,0,0,0.259978377605495,"No Review & No Catalogue"
"335","FRAGMENT_EINES_ROMANS_noWikiID",0,0,0,0,0.0560723413501725,"No Review & No Catalogue"
"336","FRANZ_STERNBALDS_WANDERUNGEN_Q1449176",1,2,0,0,0.725697489186951,"No Review, Catalogue"
"337","FRAU_BEATE_UND_IHR_SOHN_Q1451452",0,0,0,0,0.0741722353260478,"No Review & No Catalogue"
"338","FRAU_BERTHA_GARLAN_Q1451457",1,1,0,0,0.259978377605495,"No Review, Catalogue"
"339","FRAU_JENNY_TREIBEL_Q351933",1,1,1,1,0.481513882543301,"Review & Catalogue"
"340","FRAU_SORGE_noWikiID",0,0,0,0,0.0205467828522686,"No Review & No Catalogue"
"341","FRAU_VON_SAVERNE_noWikiID",0,0,0,0,0.0560723413501725,"No Review & No Catalogue"
"342","FREIGEBOREN_noWikiID",1,1,1,1,0.0205467828522686,"Review & Catalogue"
"343","FREIHEIT_DIE_ICH_MEINE_noWikiID",0,0,0,0,0.0221068485323305,"No Review & No Catalogue"
"344","FREUDEN_DES_JUNGEN_WERTHERS_Q1455757",1,1,1,2,0.0221068485323305,"Review & Catalogue"
"345","FRIDOLIN_UND_SEIN_GLUECK_noWikiID",0,0,0,0,0.0560723413501725,"No Review & No Catalogue"
"346","FRUEHLING_noWikiID",0,0,0,0,0.0741722353260478,"No Review & No Catalogue"
"347","GABRIELE_noWikiID",1,2,0,0,0.0205467828522686,"No Review, Catalogue"
"348","GEHEIME_GESCHICHTE_DES_PHILOSOPHEN_PEREGRINUS_PROTEUS_noWikiID",1,3,0,0,0.0601640846066759,"No Review, Catalogue"
"349","GELD_UND_GEIST_noWikiID",1,2,0,0,0.0645339993923284,"No Review, Catalogue"
"350","GESCHICHTE_DES_AGATHON_Q1517277",1,5,0,0,0.948685656615469,"No Review, Catalogue"
"351","GESCHICHTE_DES_FRAEULEINS_VON_STERNHEIM_Q1517346",1,2,0,0,0.322790810707987,"No Review, Catalogue"
"352","GESCHICHTE_EINES_DEUTSCHEN_DER_NEUSTEN_ZEIT_noWikiID",1,1,0,0,0.0560723413501725,"No Review, Catalogue"
"353","GESCHICHTE_EINES_WIENERKINDES_noWikiID",0,0,0,0,0.0560723413501725,"No Review & No Catalogue"
"354","GESCHICHTE_VOM_BRAVEN_KASPERL_UND_DEM_SCHOENEN_ANNERL_Q1517619",1,1,0,0,0.389868771519071,"No Review, Catalogue"
"355","GESCHICHTE_VOM_GALGENMAENNLEIN_noWikiID",0,0,0,0,0.0560723413501725,"No Review & No Catalogue"
"356","GESCHICHTEN_AUS_DEN_TIROLER_BERGEN_noWikiID",1,1,0,0,0.0205467828522686,"No Review, Catalogue"
"357","GESCHWISTER_TANNER_Q1510146",0,0,0,0,0.0691979459011065,"No Review & No Catalogue"
"358","GESPRAECHE_MIT_DAEMONEN_noWikiID",0,0,0,0,0.0601640846066759,"No Review & No Catalogue"
"359","GIB_MICH_FREI_noWikiID",0,0,0,0,0.0205467828522686,"No Review & No Catalogue"
"360","GOCKEL,_HINKEL_UND_GACKELEIA_Q1478745",0,0,1,2,0.0741722353260478,"Review, No Catalogue"
"361","GODWI_Q1533941",0,0,0,0,0.164245491888855,"No Review & No Catalogue"
"362","GOLDELSE_(MARLITT)_Q93955765",1,1,0,0,0.0255818179471078,"No Review, Catalogue"
"363","GRANDISON_DER_ZWEYTE_noWikiID",1,4,0,0,0.0560723413501725,"No Review, Catalogue"
"364","GRETE_MINDE_noWikiID",1,1,1,1,0.289764790109877,"Review & Catalogue"
"365","GRILLPARZERS_LIEBESROMAN_noWikiID",0,0,0,0,0.0205467828522686,"No Review & No Catalogue"
"366","GROENLAENDISCHE_PROZESSE_noWikiID",1,1,0,0,0.0601640846066759,"No Review, Catalogue"
"367","GROSZMUETHIGER_FELDHERR_ARMINIUS_noWikiID",1,1,0,0,0.0205467828522686,"No Review, Catalogue"
"368","GUTMANNS_REISEN_Q1557236",1,1,0,0,0.0560723413501725,"No Review, Catalogue"
"369","HALBTIER_noWikiID",1,1,0,0,0.0205467828522686,"No Review, Catalogue"
"370","HAMMER_UND_AMBOSS_noWikiID",1,1,1,1,0.0221068485323305,"Review & Catalogue"
"371","HANS_UND_HEINZ_KIRCH_Q1489200",1,1,0,0,0.389868771519071,"No Review, Catalogue"
"372","HASTENBECK_noWikiID",1,1,0,0,0.0560723413501725,"No Review, Catalogue"
"373","HEIDI_(ROMAN)_Q271697",0,0,0,0,0.0205467828522686,"No Review & No Catalogue"
"374","HEINRICH_JUNG_STILLINGS_JUGEND_noWikiID",1,2,0,0,0.0205467828522686,"No Review, Catalogue"
"375","HEINRICH_VON_OFTERDINGEN_Q58178849",0,0,1,1,0.921899833474736,"Review, No Catalogue"
"376","HEITERETEI_noWikiID",0,0,0,0,0.0560723413501725,"No Review & No Catalogue"
"377","HERMANN_VON_UNNA_noWikiID",1,1,0,0,0.0205467828522686,"No Review, Catalogue"
"378","HERR_LORENZ_STARK_noWikiID",1,1,0,0,0.0221068485323305,"No Review, Catalogue"
"379","HERRMANN_UND_ULRIKE_noWikiID",1,2,0,0,0.0691979459011065,"No Review, Catalogue"
"380","HERRN_DAMES_AUFZEICHNUNGEN_noWikiID",0,0,0,0,0.0275134422375932,"No Review & No Catalogue"
"381","HESPERUS_ODER_45_HUNDPOSTTAGE_Q1527881",1,2,0,0,0.0975111340573339,"No Review, Catalogue"
"382","HOEXTER_UND_CORVEY_Q1649221",0,0,0,0,0.259978377605495,"No Review & No Catalogue"
"383","HOLLAENDISCHE_LIEBHABEREIEN_noWikiID",0,0,0,0,0.0601640846066759,"No Review & No Catalogue"
"384","HOLLINS_LIEBELEBEN_Q1624844",0,0,0,0,0.0560723413501725,"No Review & No Catalogue"
"385","HOMO_SUM_noWikiID",0,0,0,0,0.0205467828522686,"No Review & No Catalogue"
"386","HUMORISTISCHEN_SKIZZEN_AUS_DEM_DEUTSCHEN_HANDELSLEBEN_noWikiID",0,0,0,0,0.0601640846066759,"No Review & No Catalogue"
"387","HYPERION_(HOELDERLIN)_Q1190094",0,0,1,1,0.628138424466113,"Review, No Catalogue"
"388","IM_ALTEN_EISEN_Q1474111",1,1,0,0,0.0601640846066759,"No Review, Catalogue"
"389","IM_HAUSE_DES_KOMMERZIENRATES_noWikiID",1,1,0,0,0.0205467828522686,"No Review, Catalogue"
"390","IM_NACHBARHAUSE_LINKS_noWikiID",1,1,0,0,0.0601640846066759,"No Review, Catalogue"
"391","IM_REICHE_DER_HOMUNKULIDEN_noWikiID",0,0,0,0,0.0205467828522686,"No Review & No Catalogue"
"392","IM_SCHLARAFFENLAND_Q1285424",1,1,0,0,0.0221068485323305,"No Review, Catalogue"
"393","IM_SIESGESKRANZE_noWikiID",0,0,0,0,0.0560723413501725,"No Review & No Catalogue"
"394","IMMENSEE_noWikiID",1,1,0,0,0.462879594039226,"No Review, Catalogue"
"395","IN_ST._JUERGEN_Q105232019",0,0,0,0,0.0601640846066759,"No Review & No Catalogue"
"396","INNOCENS_Q1664115",1,1,1,1,0.0560723413501725,"Review & Catalogue"
"397","IRRUNGEN_WIRRUNGEN_Q669599",1,1,1,1,0.305392408053958,"Review & Catalogue"
"398","ISABELLA_VON_AEGYPTEN_Q35783041",0,0,0,0,0.274620702296579,"No Review & No Catalogue"
"399","ISEGRIMM_noWikiID",1,1,1,1,0.0205467828522686,"Review & Catalogue"
"400","JAKOB_DER_LETZTE_Q15507850",1,1,1,1,0.0645339993923284,"Review & Catalogue"
"401","JAKOB_VON_GUNTEN_Q1679462",0,0,0,0,0.0691979459011065,"No Review & No Catalogue"
"402","JAKOBS_DES_HANDWERKSGESELLEN_WANDERUNGEN_DURCH_DIE_SCHWEIZ_noWikiID",1,2,0,0,0.0560723413501725,"No Review, Catalogue"
"403","JENNY_noWikiID",1,2,1,1,0.0237824899093644,"Review & Catalogue"
"404","JUDITH,_DIE_KLUSWIRTIN_noWikiID",1,1,0,0,0.110370305679579,"No Review, Catalogue"
"405","JUERG_JENATSCH_Q1411041",1,1,1,1,0.518885031764307,"Review & Catalogue"
"406","JULCHEN_GRUENTHAL_noWikiID",0,0,0,0,0.0205467828522686,"No Review & No Catalogue"
"407","JUNGFER_MUTTER_noWikiID",0,0,0,0,0.0560723413501725,"No Review & No Catalogue"
"408","KINDER_DER_EIFEL_Q111345448",0,0,0,0,0.0560723413501725,"No Review & No Catalogue"
"409","KINDER_DER_WELT_noWikiID",0,0,0,0,0.0560723413501725,"No Review & No Catalogue"
"410","KLEIDER_MACHEN_LEUTE_Q1746163",1,2,0,0,0.321481356814517,"No Review, Catalogue"
"411","KLEIN_ZACHES_GENANNT_noWikiID",1,3,1,1,0.259978377605495,"Review & Catalogue"
"412","KRAMBAMBULI_(ERZAEHLUNG)_Q1385007",1,1,1,1,0.0560723413501725,"Review & Catalogue"
"413","KREISLERIANA_noWikiID",1,3,1,1,0.321481356814517,"Review & Catalogue"
"414","KRIMINAL-HUMORESKEN_noWikiID",0,0,0,0,0.0221068485323305,"No Review & No Catalogue"
"415","KUSS_VON_SENTZE_noWikiID",0,0,0,0,0.0560723413501725,"No Review & No Catalogue"
"416","L'ADULTERA_Q1744488",1,1,1,1,0.462879594039226,"Review & Catalogue"
"417","L'ARRABIATA_noWikiID",1,1,0,0,0.0601640846066759,"No Review, Catalogue"
"418","LA_SIBYLLE_noWikiID",1,1,0,0,0.0205467828522686,"No Review, Catalogue"
"419","LEBEN_DER_SCHWEDISCHEN_GRAEFIN_VON_G_noWikiID",1,4,0,0,0.184109855669026,"No Review, Catalogue"
"420","LEBEN_DES_QUINTUS_FIXLEIN_Q1810877",1,1,0,0,0.259978377605495,"No Review, Catalogue"
"421","LEBEN_DES_VERGNUEGTEN_SCHULMEISTERLEIN_MARIA_WUTZ_IN_AUENTHAL_Q1810880",0,0,0,0,0.274620702296579,"No Review & No Catalogue"
"422","LEBEN_UND_TATEN_DES_BERUEHMTEN_RITTERS_SCHNAPPHAHNSKI_Q15825464",1,1,1,2,0.0691979459011065,"Review & Catalogue"
"423","LEBENS-ANSICHTEN_DES_KATERS_MURR_Q1314475",1,1,1,2,0.425970768854918,"Review & Catalogue"
"424","LEBENSGESCHICHTE_UND_NATUERLICHE_ABENTHEUER_DES_ARMEN_MANNES_IN_TOCKENBURG_noWikiID",1,2,1,1,0.0560723413501725,"Review & Catalogue"
"425","LEDWINA_noWikiID",0,0,0,0,0.0560723413501725,"No Review & No Catalogue"
"426","LEIB_WEIHNACHTSKUCHEN_UND_SEIN_KIND_noWikiID",1,1,0,0,0.0560723413501725,"No Review, Catalogue"
"427","LEIDEN_UND_FREUDEN_EINES_SCHULMEISTERS_noWikiID",1,2,1,1,0.0560723413501725,"Review & Catalogue"
"428","LENZ_(BUECHNER)_Q353180",0,0,0,0,0.916343123471815,"No Review & No Catalogue"
"429","LEUTNANT_GUSTL_Q1821658",0,0,0,0,0.462879594039226,"No Review & No Catalogue"
"430","LIBERTAS_UND_IHRE_FREIER_noWikiID",0,0,0,0,0.0645339993923284,"No Review & No Catalogue"
"431","LICHTENSTEIN_noWikiID",1,3,1,6,0.274620702296579,"Review & Catalogue"
"432","LIEBESZAUBER_noWikiID",0,0,0,0,0.0601640846066759,"No Review & No Catalogue"
"433","LIED_DER_PARZEN_noWikiID",0,0,0,0,0.0205467828522686,"No Review & No Catalogue"
"434","LIENHARD_UND_GERTRUD_Q1824235",1,1,0,0,0.0205467828522686,"No Review, Catalogue"
"435","LOLA_noWikiID",0,0,0,0,0.0560723413501725,"No Review & No Catalogue"
"436","LOTTI,_DIE_UHRMACHERIN_noWikiID",1,1,1,1,0.274620702296579,"Review & Catalogue"
"437","LUCINDE_Q1873464",0,0,1,1,0.646802287618677,"Review, No Catalogue"
"438","LYDIA_noWikiID",1,1,0,0,0.0221068485323305,"No Review, Catalogue"
"439","MADONNA_noWikiID",1,3,0,0,0.0255818179471078,"No Review, Catalogue"
"440","MAERCHEN_DES_LEBENS_noWikiID",0,0,0,0,0.0560723413501725,"No Review & No Catalogue"
"441","MALER_NOLTEN_Q1752673",1,1,1,2,0.0741722353260478,"Review & Catalogue"
"442","MARIA_noWikiID",1,1,0,0,0.0394945910733656,"No Review, Catalogue"
"443","MARION_noWikiID",1,1,0,0,0.0560723413501725,"No Review, Catalogue"
"444","MARQUISE_VON_O_noWikiID",1,1,1,1,0.259978377605495,"Review & Catalogue"
"445","MARTIN_SALANDER_Q1904882",1,1,1,2,0.0975111340573339,"Review & Catalogue"
"446","MEIN_HERZ_(ROMAN)_Q20827330",0,0,0,0,0.0601640846066759,"No Review & No Catalogue"
"447","MEINE_KINDERJAHRE_Q1918015",0,0,0,0,0.0601640846066759,"No Review & No Catalogue"
"448","MEISTER_AUTOR_ODER_DIE_GESCHICHTEN_VOM_VERSUNKENEN_GARTEN_Q1452385",0,0,0,0,0.0601640846066759,"No Review & No Catalogue"
"449","MEISTER_FLOH_Q837936",1,3,1,1,0.33800545810469,"Review & Catalogue"
"450","MEISTER_MARTIN_DER_KUEFNER_UND_SEINE_GESELLEN_Q1918300",0,0,0,0,0.0794735706665683,"No Review & No Catalogue"
"451","MEISTER_TIMPE_noWikiID",1,1,1,1,0.0455753535426939,"Review & Catalogue"
"452","MICHAEL_KOHLHAAS_Q279676",1,1,1,2,0.354934606197489,"Review & Catalogue"
"453","MODERNE_LEBENSWIRREN_noWikiID",0,0,1,1,0.0221068485323305,"Review, No Catalogue"
"454","MORALISCHEN_ERZAEHLUNGEN_noWikiID",0,0,0,0,0.0205467828522686,"No Review & No Catalogue"
"455","MOZART_AUF_DER_REISE_NACH_PRAG_Q1951309",0,0,0,0,0.305392408053958,"No Review & No Catalogue"
"456","MUENCHHAUSEN_noWikiID",1,3,1,1,0.0237824899093644,"Review & Catalogue"
"457","NACH_DEM_GROSSEN_KRIEGE_Q1269839",0,0,0,0,0.0560723413501725,"No Review & No Catalogue"
"458","NACHTSTUECKE_Q15836200",1,1,0,0,0.537517652776424,"No Review, Catalogue"
"459","NACHTWACHEN_Q1962904",1,1,0,0,0.557525892938665,"No Review, Catalogue"
"460","NESTHAEKCHEN_(KINDERBUCHREIHE)_Q1747891",0,0,0,0,0.0205467828522686,"No Review & No Catalogue"
"461","NEUE_GESCHICHTEN_AUS_DEM_GHETTO_noWikiID",1,1,0,0,0.0205467828522686,"No Review, Catalogue"
"462","NEUE_IDYLLEN_noWikiID",0,0,0,0,0.0205467828522686,"No Review & No Catalogue"
"463","NINON_noWikiID",0,0,0,0,0.0601640846066759,"No Review & No Catalogue"
"464","NOVELLEN_AUS_OESTERREICH_noWikiID",1,1,0,0,0.104292668680321,"No Review, Catalogue"
"465","OHNE_LIEBE_Q106687147",0,0,0,0,0.0601640846066759,"No Review & No Catalogue"
"466","PANKRAZ_DER_SCHMOLLER_Q2049588",1,2,0,0,0.305392408053958,"No Review, Catalogue"
"467","PAPA_HAMLET_Q2050484",0,0,1,1,0.464370821315899,"Review, No Catalogue"
"468","PARALYSE_noWikiID",0,0,0,0,0.0560723413501725,"No Review & No Catalogue"
"469","PETER_CAMENZIND_Q576493",0,0,0,0,0.0601640846066759,"No Review & No Catalogue"
"470","PETER_SCHLEMIHLS_WUNDERSAME_GESCHICHTE_Q1093419",1,2,1,4,0.305392408053958,"Review & Catalogue"
"471","PFISTERS_MUEHLE_Q1373296",1,1,1,1,0.500199736105852,"Review & Catalogue"
"472","PFLUG_UND_SCHRAUBSTOCK_noWikiID",0,0,0,0,0.0205467828522686,"No Review & No Catalogue"
"473","PLAUTUS_IM_NONNENKLOSTER_Q1772718",1,1,1,1,0.0645339993923284,"Review & Catalogue"
"474","POLE_POPPENSPAELER_Q1760267",1,1,0,0,0.321481356814517,"No Review, Catalogue"
"475","POLIZEIGESCHICHTEN_noWikiID",1,1,1,2,0.0205467828522686,"Review & Catalogue"
"476","POLNISCHE_GHETTO-GESCHICHTEN_noWikiID",0,0,0,0,0.0560723413501725,"No Review & No Catalogue"
"477","PRINZESSIN_BRAMBILLA_Q570890",1,2,1,1,0.33800545810469,"Review & Catalogue"
"478","PRINZESSIN_FISCH_Q2110713",1,1,1,1,0.0601640846066759,"Review & Catalogue"
"479","PROFESSOR_UNRAT_Q457481",0,0,0,0,0.0221068485323305,"No Review & No Catalogue"
"480","PROKOPUS_Q23689421",0,0,0,0,0.0560723413501725,"No Review & No Catalogue"
"481","PSYCHE_noWikiID",0,0,0,0,0.0560723413501725,"No Review & No Catalogue"
"482","QUITT_(FONTANE)_Q1589389",0,0,0,0,0.0794735706665683,"No Review & No Catalogue"
"483","REICH_UND_ARM_noWikiID",0,0,0,0,0.0560723413501725,"No Review & No Catalogue"
"484","REICHSGRAEFIN_GISELA_noWikiID",1,1,0,0,0.0221068485323305,"No Review, Catalogue"
"485","REISE_NACH_BRAUNSCHWEIG_noWikiID",1,2,0,0,0.0560723413501725,"No Review, Catalogue"
"486","REISENOVELLEN_noWikiID",1,1,0,0,0.0601640846066759,"No Review, Catalogue"
"487","REITERGESCHICHTE_Q2142105",0,0,0,0,0.321481356814517,"No Review & No Catalogue"
"488","RENATE_noWikiID",1,1,0,0,0.0601640846066759,"No Review, Catalogue"
"489","REQUIEM_DER_LIEBE_noWikiID",0,0,0,0,0.0691979459011065,"No Review & No Catalogue"
"490","REVOLUTION_UND_CONTREREVOLUTION_noWikiID",0,0,0,0,0.0221068485323305,"No Review & No Catalogue"
"491","RINALDO_RINALDINI_noWikiID",1,1,0,0,0.0255818179471078,"No Review, Catalogue"
"492","RITTMEISTER_BRAND_noWikiID",1,1,1,1,0.0645339993923284,"Review & Catalogue"
"493","ROBINSON_DER_JUENGERE_Q42195141",1,1,0,0,0.274620702296579,"No Review, Catalogue"
"494","ROMAN_AUS_DER_DECADENCE_noWikiID",1,1,0,0,0.0205467828522686,"No Review, Catalogue"
"495","ROSSHALDE_Q2171354",0,0,0,0,0.0560723413501725,"No Review & No Catalogue"
"496","RUHE_IST_DIE_ERSTE_BUERGERPFLICHT_noWikiID",1,1,1,1,0.0237824899093644,"Review & Catalogue"
"497","RYNO_Q2178262",0,0,0,0,0.0601640846066759,"No Review & No Catalogue"
"498","SALY'S_REVOLUTIONSTAGE_noWikiID",0,0,0,0,0.0205467828522686,"No Review & No Catalogue"
"499","SANKT_THOMAS_(NOVELLE)_Q1499960",0,0,0,0,0.0601640846066759,"No Review & No Catalogue"
"500","SATIRISCHE_ERZAEHLUNGEN_noWikiID",0,0,0,0,0.0560723413501725,"No Review & No Catalogue"
"501","SCHACH_VON_WUTHENOW_Q2229265",1,1,1,2,0.645431155250413,"Review & Catalogue"
"502","SCHACHTEL_MIT_DER_FRIEDENSPUPPE_noWikiID",0,0,0,0,0.0560723413501725,"No Review & No Catalogue"
"503","SCHELMUFFSKY_Q107356648",0,0,0,0,0.33800545810469,"No Review & No Catalogue"
"504","SCHICKSALE_EINER_SEELE_noWikiID",1,1,0,0,0.0221068485323305,"No Review, Catalogue"
"505","SCHLOSS_AVALON_noWikiID",1,1,1,1,0.0205467828522686,"Review & Catalogue"
"506","SCHLOSS_UND_FABRIK_noWikiID",0,0,1,2,0.0221068485323305,"Review, No Catalogue"
"507","SCHWARZWAELDER_DORFGESCHICHTEN_Q60982841",1,1,1,1,0.0455753535426939,"Review & Catalogue"
"508","SCHWEIGEN_noWikiID",1,1,1,1,0.0601640846066759,"Review & Catalogue"
"509","SELTSAMES_BEGEGNEN_UND_WIEDERSEHEN_Q2268722",0,0,0,0,0.0601640846066759,"No Review & No Catalogue"
"510","SERAPHINE_noWikiID",1,2,1,1,0.0560723413501725,"Review & Catalogue"
"511","SIBILLA_DALMAR_noWikiID",1,1,1,1,0.0221068485323305,"Review & Catalogue"
"512","SIEBEN_LEGENDEN_Q1652394",0,0,0,0,0.33800545810469,"No Review & No Catalogue"
"513","SIEBENKAES_Q2282375",1,2,0,0,0.0851189742374057,"No Review, Catalogue"
"514","SIEGWART_noWikiID",1,2,0,0,0.0237824899093644,"No Review, Catalogue"
"515","SOLL_UND_HABEN_(ROMAN)_Q2298931",1,2,1,1,0.796427302529609,"Review & Catalogue"
"516","STERBEN_noWikiID",0,0,0,0,0.305392408053958,"No Review & No Catalogue"
"517","STINE_(FONTANE)_Q1691464",0,0,1,2,0.259978377605495,"Review, No Catalogue"
"518","STOPFKUCHEN_Q1495045",0,0,1,1,0.71056394677693,"Review, No Catalogue"
"519","STUFENJAHRE_EINES_GLUECKLICHEN_noWikiID",1,1,0,0,0.0221068485323305,"No Review, Catalogue"
"520","STURMFLUT_noWikiID",1,1,1,1,0.0221068485323305,"Review & Catalogue"
"521","TAGEBUCH_EINER_VERLORENEN_Q7675198",0,0,0,0,0.0221068485323305,"No Review & No Catalogue"
"522","TAGEBUCH_EINES_ARMEN_FRAEULEINS_noWikiID",0,0,1,1,0.0205467828522686,"Review, No Catalogue"
"523","TAMBI_noWikiID",0,0,0,0,0.259978377605495,"No Review & No Catalogue"
"524","TITAN_(JEAN_PAUL)_Q492384",1,2,0,0,0.127184961519692,"No Review, Catalogue"
"525","TOD_IN_VENEDIG_Q828296",0,0,0,0,0.0741722353260478,"No Review & No Catalogue"
"526","TONIO_KROEGER_Q692988",0,0,0,0,0.0691979459011065,"No Review & No Catalogue"
"527","TOTENMESSE_noWikiID",0,0,1,1,0.0205467828522686,"Review, No Catalogue"
"528","TRAGIK_DES_LEBENS_noWikiID",0,0,0,0,0.0560723413501725,"No Review & No Catalogue"
"529","TUBUTSCH_Q23793189",0,0,0,0,0.0255818179471078,"No Review & No Catalogue"
"530","ULI_DER_KNECHT_noWikiID",1,2,1,1,0.0794735706665683,"Review & Catalogue"
"531","ULI_DER_PAECHTER_noWikiID",1,2,1,1,0.0691979459011065,"Review & Catalogue"
"532","UNDINE_noWikiID",1,2,0,0,0.462879594039226,"No Review, Catalogue"
"533","UNRUHIGE_GAESTE_Q2496722",1,1,0,0,0.0560723413501725,"No Review, Catalogue"
"534","UNSUEHNBAR_noWikiID",1,1,1,1,0.0560723413501725,"Review & Catalogue"
"535","UNTERHALTUNGEN_DEUTSCHER_AUSGEWANDERTEN_Q1680528",1,4,0,0,0.33800545810469,"No Review, Catalogue"
"536","UNTERHALTUNGEN_MIT_EINER_HEILIGEN_noWikiID",1,2,0,0,0.0221068485323305,"No Review, Catalogue"
"537","UNTERM_BIRNBAUM_Q938689",1,1,0,0,0.305392408053958,"No Review, Catalogue"
"538","UNTERM_RAD_Q1325403",0,0,0,0,0.0645339993923284,"No Review & No Catalogue"
"539","UNWAHRSCHEINLICHE_WAHRHAFTIGKEITEN_noWikiID",0,0,0,0,0.0560723413501725,"No Review & No Catalogue"
"540","UNWIEDERBRINGLICH_Q2499503",1,1,1,1,0.289764790109877,"Review & Catalogue"
"541","USONG_noWikiID",1,1,0,0,0.0255818179471078,"No Review, Catalogue"
"542","VENUS_IM_PELZ_Q677592",0,0,0,0,0.0601640846066759,"No Review & No Catalogue"
"543","VEREINIGUNGEN_noWikiID",0,0,0,0,0.274620702296579,"No Review & No Catalogue"
"544","VERWORRENES_LEBEN_noWikiID",0,0,0,0,0.0560723413501725,"No Review & No Catalogue"
"545","VIEL_LAERMEN_UM_NICHTS_noWikiID",1,1,1,2,0.0601640846066759,"Review & Catalogue"
"546","VIOLA_TRICOLOR_(STORM)_Q2527399",0,0,0,0,0.0741722353260478,"No Review & No Catalogue"
"547","VITTORIA_ACCOROMBONA_Q1403207",1,2,1,3,0.0975111340573339,"Review & Catalogue"
"548","VON_PAUL_ZU_PEDRO_noWikiID",0,0,0,0,0.0237824899093644,"No Review & No Catalogue"
"549","VOR_DEM_STURM_(ROMAN)_Q1273542",1,1,1,1,0.2221662156401,"Review & Catalogue"
"550","WALDEINSAMKEIT_noWikiID",0,0,0,0,0.0601640846066759,"No Review & No Catalogue"
"551","WALDHEIMAT_Q41547677",0,0,0,0,0.0645339993923284,"No Review & No Catalogue"
"552","WALLY,_DIE_ZWEIFLERIN_noWikiID",1,1,1,2,0.662351989355763,"Review & Catalogue"
"553","WAS_DIE_ISAR_RAUSCHT_noWikiID",0,0,1,1,0.0318106268524673,"Review, No Catalogue"
"554","WEISSE_SCLAVEN_ODER_DIE_LEIDEN_DES_VOLKES_noWikiID",1,2,1,2,0.0221068485323305,"Review & Catalogue"
"555","WIE_FRAUEN_WERDEN._WERDE,_DIE_DU_BIST_noWikiID",0,0,1,1,0.0205467828522686,"Review, No Catalogue"
"556","WIE_FUENF_MAEDCHEN_IM_BRANNTWEIN_JAEMMERLICH_UMKOMMEN_Q1751009",0,0,0,0,0.0560723413501725,"No Review & No Catalogue"
"557","WIE_WUNDERBAR_noWikiID",0,0,0,0,0.0601640846066759,"No Review & No Catalogue"
"558","WIENER_BLUT_noWikiID",0,0,0,0,0.0205467828522686,"No Review & No Catalogue"
"559","WILHELM_MEISTERS_LEHRJAHRE_Q1194031",1,5,1,2,0.999115717764715,"Review & Catalogue"
"560","WILHELM_MEISTERS_THEATRALISCHE_SENDUNG_Q2574172",0,0,1,1,0.425970768854918,"Review, No Catalogue"
"561","WILHELM_MEISTERS_WANDERJAHRE_Q478344",1,3,1,3,0.645431155250413,"Review & Catalogue"
"562","WILLIAM_LOVELL_Q2579763",1,2,0,0,0.372234887656701,"No Review, Catalogue"
"563","WOLDEMAR_noWikiID",1,2,0,0,0.0560723413501725,"No Review, Catalogue"
"564","ZERBIN_ODER_DIE_NEUERE_PHILOSOPHIE_noWikiID",0,0,0,0,0.0794735706665683,"No Review & No Catalogue"
"565","ZUERICHER_NOVELLEN_Q248678",0,0,0,0,0.305392408053958,"No Review & No Catalogue"
"566","ZUM_WILDEN_MANN_Q229600",0,0,0,0,0.33800545810469,"No Review & No Catalogue"
"567","ZUM_ZEITVERTREIB_noWikiID",1,1,0,0,0.0205467828522686,"No Review, Catalogue"
"568","ZUR_CHRONIK_VON_GRIESHUUS_noWikiID",1,1,1,2,0.0794735706665683,"Review & Catalogue"
"569","ZUR_WALD-_UND_WASSERFREUDE_noWikiID",1,1,1,2,0.0560723413501725,"Review & Catalogue"
"570","ZWEI_SCHWESTERN_noWikiID",1,1,0,0,0.0560723413501725,"No Review, Catalogue"
"571","ZWISCHEN_HIMMEL_UND_ERDE_(ERZAEHLUNG_1856)_Q64733588",1,2,1,1,0.33800545810469,"Review & Catalogue"
